<keymap version="1" name="awsp" parent="Mac OS X 10.5+">
  <action id="$Copy">
    <keyboard-shortcut first-keystroke="meta c" />
    <keyboard-shortcut first-keystroke="meta insert" />
    <keyboard-shortcut first-keystroke="alt c" />
    <keyboard-shortcut first-keystroke="ctrl c" />
  </action>
  <action id="$Cut">
    <keyboard-shortcut first-keystroke="meta x" />
    <keyboard-shortcut first-keystroke="shift delete" />
    <keyboard-shortcut first-keystroke="alt x" />
    <keyboard-shortcut first-keystroke="ctrl x" />
  </action>
  <action id="$Paste">
    <keyboard-shortcut first-keystroke="meta v" />
    <keyboard-shortcut first-keystroke="shift insert" />
    <keyboard-shortcut first-keystroke="alt v" />
    <keyboard-shortcut first-keystroke="ctrl v" />
  </action>
  <action id="$Redo">
    <keyboard-shortcut first-keystroke="shift meta z" />
    <keyboard-shortcut first-keystroke="shift alt z" />
  </action>
  <action id="$SelectAll">
    <keyboard-shortcut first-keystroke="meta a" />
    <keyboard-shortcut first-keystroke="alt a" />
    <keyboard-shortcut first-keystroke="ctrl a" />
  </action>
  <action id="$Undo">
    <keyboard-shortcut first-keystroke="meta z" />
    <keyboard-shortcut first-keystroke="alt z" />
    <keyboard-shortcut first-keystroke="ctrl z" />
  </action>
  <action id="AceAction">
    <keyboard-shortcut first-keystroke="ctrl semicolon" />
    <keyboard-shortcut first-keystroke="alt semicolon" />
  </action>
  <action id="ActivateDatabaseToolWindow">
    <keyboard-shortcut first-keystroke="meta 3" />
    <keyboard-shortcut first-keystroke="alt 3" />
  </action>
  <action id="ActivateDebugToolWindow">
    <keyboard-shortcut first-keystroke="meta 5" />
    <keyboard-shortcut first-keystroke="alt 5" />
  </action>
  <action id="ActivateFindToolWindow" />
  <action id="ActivateMongoExplorerToolWindow">
    <keyboard-shortcut first-keystroke="meta 4" />
  </action>
  <action id="ActivateProjectToolWindow">
    <keyboard-shortcut first-keystroke="meta 1" />
    <keyboard-shortcut first-keystroke="alt 1" />
  </action>
  <action id="ActivateRunToolWindow">
    <keyboard-shortcut first-keystroke="alt 2" />
    <keyboard-shortcut first-keystroke="meta 4" />
  </action>
  <action id="ActivateStructureToolWindow">
    <keyboard-shortcut first-keystroke="meta 7" />
    <keyboard-shortcut first-keystroke="alt 7" />
  </action>
  <action id="ActivateTODOToolWindow">
    <keyboard-shortcut first-keystroke="meta 6" />
    <keyboard-shortcut first-keystroke="alt 6" />
  </action>
  <action id="ActivateTerminalToolWindow">
    <keyboard-shortcut first-keystroke="meta t" />
    <keyboard-shortcut first-keystroke="alt t" />
  </action>
  <action id="AddToFavoritesPopup" />
  <action id="ChangeTypeSignature">
    <keyboard-shortcut first-keystroke="alt m" />
  </action>
  <action id="CheckinProject" />
  <action id="CloseAllEditorsButActive">
    <keyboard-shortcut first-keystroke="shift meta w" />
    <keyboard-shortcut first-keystroke="shift alt w" />
  </action>
  <action id="CloseContent">
    <keyboard-shortcut first-keystroke="meta w" />
    <keyboard-shortcut first-keystroke="alt w" />
  </action>
  <action id="CollapseRegionRecursively">
    <keyboard-shortcut first-keystroke="meta alt subtract" />
  </action>
  <action id="CommentByLineComment">
    <keyboard-shortcut first-keystroke="meta slash" />
    <keyboard-shortcut first-keystroke="meta divide" />
    <keyboard-shortcut first-keystroke="alt slash" />
    <keyboard-shortcut first-keystroke="alt divide" />
  </action>
  <action id="CompareDirs" />
  <action id="CompareJars" />
  <action id="CompareTwoFiles" />
  <action id="Compile">
    <keyboard-shortcut first-keystroke="shift f9" />
  </action>
  <action id="CompileDirty">
    <keyboard-shortcut first-keystroke="alt b" />
  </action>
  <action id="Console.Execute.Multiline" />
  <action id="Console.History.Browse" />
  <action id="Console.Jpa.Execute" />
  <action id="Console.TableResult.CloneRow" />
  <action id="Console.TableResult.EditValueMaximized">
    <keyboard-shortcut first-keystroke="shift alt enter" />
  </action>
  <action id="Console.TableResult.SubmitAddedRow" />
  <action id="CopyPaths" />
  <action id="CopyReference" />
  <action id="Cvs.BrowseCVSRepository">
    <keyboard-shortcut first-keystroke="shift meta p" />
  </action>
  <action id="DatabaseView.CopyAction" />
  <action id="DatabaseView.GenerateDDLAction" />
  <action id="DatabaseView.PropertiesAction" />
  <action id="Diff.SelectedChange" />
  <action id="Diff.ShowSettingsPopup" />
  <action id="Diff.UpdatedFiles" />
  <action id="DomCollectionControl.Edit">
    <keyboard-shortcut first-keystroke="f4" />
  </action>
  <action id="DomElementsTreeView.GotoDomElementDeclarationAction">
    <keyboard-shortcut first-keystroke="f4" />
  </action>
  <action id="EditSource">
    <keyboard-shortcut first-keystroke="f4" />
  </action>
  <action id="Editor Copy">
    <keyboard-shortcut first-keystroke="alt c" />
    <keyboard-shortcut first-keystroke="ctrl c" />
  </action>
  <action id="Editor Cut">
    <keyboard-shortcut first-keystroke="alt x" />
    <keyboard-shortcut first-keystroke="ctrl x" />
  </action>
  <action id="Editor Paste">
    <keyboard-shortcut first-keystroke="alt v" />
    <keyboard-shortcut first-keystroke="ctrl v" />
  </action>
  <action id="Editor Redo">
    <keyboard-shortcut first-keystroke="shift alt z" />
  </action>
  <action id="Editor SelectAll">
    <keyboard-shortcut first-keystroke="alt a" />
    <keyboard-shortcut first-keystroke="ctrl a" />
  </action>
  <action id="Editor Undo">
    <keyboard-shortcut first-keystroke="alt z" />
    <keyboard-shortcut first-keystroke="ctrl z" />
  </action>
  <action id="EditorDecreaseFontSize">
    <keyboard-shortcut first-keystroke="meta alt minus" />
  </action>
  <action id="EditorDown">
    <keyboard-shortcut first-keystroke="down" />
  </action>
  <action id="EditorDuplicate" />
  <action id="EditorIncreaseFontSize">
    <keyboard-shortcut first-keystroke="meta alt equals" />
  </action>
  <action id="EditorJoinLines" />
  <action id="EditorLineStart">
    <keyboard-shortcut first-keystroke="home" />
    <keyboard-shortcut first-keystroke="meta left" />
  </action>
  <action id="EditorMoveToPageTop" />
  <action id="EditorResetFontSize">
    <keyboard-shortcut first-keystroke="meta alt 0" />
  </action>
  <action id="EditorRight">
    <keyboard-shortcut first-keystroke="right" />
  </action>
  <action id="EditorSplitLine" />
  <action id="EditorStartNewLine">
    <keyboard-shortcut first-keystroke="meta enter" />
  </action>
  <action id="EditorTextEnd">
    <keyboard-shortcut first-keystroke="meta down" />
  </action>
  <action id="EditorTextStart">
    <keyboard-shortcut first-keystroke="meta home" />
    <keyboard-shortcut first-keystroke="meta up" />
  </action>
  <action id="EditorToggleCase" />
  <action id="EditorToggleColumnMode" />
  <action id="EvaluateExpression">
    <keyboard-shortcut first-keystroke="meta alt e" />
  </action>
  <action id="Exit">
    <keyboard-shortcut first-keystroke="meta q" />
    <keyboard-shortcut first-keystroke="alt q" />
  </action>
  <action id="ExpandRegionRecursively">
    <keyboard-shortcut first-keystroke="meta alt add" />
  </action>
  <action id="FileChooser.GotoDesktop" />
  <action id="FileChooser.GotoModule" />
  <action id="FileChooser.TogglePathShowing" />
  <action id="FileStructurePopup">
    <keyboard-shortcut first-keystroke="meta r" />
    <keyboard-shortcut first-keystroke="alt r" />
  </action>
  <action id="Find">
    <keyboard-shortcut first-keystroke="meta f" />
    <keyboard-shortcut first-keystroke="alt f" />
    <keyboard-shortcut first-keystroke="ctrl f" />
  </action>
  <action id="FindNext">
    <keyboard-shortcut first-keystroke="meta g" />
    <keyboard-shortcut first-keystroke="alt g" />
  </action>
  <action id="FindPrevious">
    <keyboard-shortcut first-keystroke="shift meta g" />
    <keyboard-shortcut first-keystroke="shift alt g" />
  </action>
  <action id="FindUsages">
    <keyboard-shortcut first-keystroke="alt f7" />
    <keyboard-shortcut first-keystroke="shift meta ampersand" />
  </action>
  <action id="FindUsagesInFile">
    <keyboard-shortcut first-keystroke="meta f7" />
    <keyboard-shortcut first-keystroke="shift meta 7" />
  </action>
  <action id="Generate">
    <keyboard-shortcut first-keystroke="meta n" />
    <keyboard-shortcut first-keystroke="ctrl enter" />
    <keyboard-shortcut first-keystroke="alt n" />
    <keyboard-shortcut first-keystroke="ctrl n" />
  </action>
  <action id="Git.Commit.And.Push.Executor" />
  <action id="GotoAction" />
  <action id="GotoChangedFile" />
  <action id="GotoClass" />
  <action id="GotoDeclaration">
    <keyboard-shortcut first-keystroke="meta b" />
    <mouse-shortcut keystroke="meta button1" />
    <mouse-shortcut keystroke="button2" />
    <keyboard-shortcut first-keystroke="shift alt b" />
  </action>
  <action id="GotoFile">
    <keyboard-shortcut first-keystroke="meta p" />
    <keyboard-shortcut first-keystroke="alt p" />
  </action>
  <action id="GotoLine">
    <keyboard-shortcut first-keystroke="meta l" />
    <keyboard-shortcut first-keystroke="alt l" />
  </action>
  <action id="GotoRow" />
  <action id="GotoSymbol">
    <keyboard-shortcut first-keystroke="meta o" />
    <keyboard-shortcut first-keystroke="alt o" />
  </action>
  <action id="GuiDesigner.Duplicate" />
  <action id="Hg.Commit.And.Push.Executor" />
  <action id="HippieCompletion" />
  <action id="Images.Editor.ToggleGrid" />
  <action id="ImplementMethods" />
  <action id="InsertLiveTemplate">
    <keyboard-shortcut first-keystroke="meta j" />
    <keyboard-shortcut first-keystroke="alt j" />
  </action>
  <action id="Jdbc.RunQueryInConsole" />
  <action id="NewElementInMenuGroup">
    <keyboard-shortcut first-keystroke="alt period" />
  </action>
  <action id="NextTab">
    <keyboard-shortcut first-keystroke="shift meta close_bracket" />
    <keyboard-shortcut first-keystroke="ctrl right" />
    <keyboard-shortcut first-keystroke="shift alt close_bracket" />
  </action>
  <action id="OverrideMethods" />
  <action id="ParameterInfo" />
  <action id="PasteMultiple">
    <keyboard-shortcut first-keystroke="shift meta v" />
    <keyboard-shortcut first-keystroke="shift meta insert" />
    <keyboard-shortcut first-keystroke="shift alt v" />
  </action>
  <action id="PerforceDirect.Edit" />
  <action id="PreviousTab">
    <keyboard-shortcut first-keystroke="shift meta open_bracket" />
    <keyboard-shortcut first-keystroke="ctrl left" />
    <keyboard-shortcut first-keystroke="shift alt open_bracket" />
  </action>
  <action id="Refactorings.QuickListPopupAction">
    <keyboard-shortcut first-keystroke="meta quote" />
    <keyboard-shortcut first-keystroke="alt quote" />
  </action>
  <action id="ReformatCode">
    <keyboard-shortcut first-keystroke="meta alt l" />
    <keyboard-shortcut first-keystroke="ctrl alt l" />
  </action>
  <action id="Refresh" />
  <action id="RemoteHostView.EditSource">
    <keyboard-shortcut first-keystroke="f4" />
  </action>
  <action id="Replace" />
  <action id="Rerun" />
  <action id="SaveAll">
    <keyboard-shortcut first-keystroke="meta s" />
    <keyboard-shortcut first-keystroke="alt s" />
    <keyboard-shortcut first-keystroke="ctrl s" />
  </action>
  <action id="Scala.RunConsole" />
  <action id="Scala.ShowImplicitParameters" />
  <action id="ScalaConsole.Execute" />
  <action id="SelectAllOccurrences">
    <keyboard-shortcut first-keystroke="ctrl meta g" />
    <keyboard-shortcut first-keystroke="ctrl alt g" />
  </action>
  <action id="SelectNextOccurrence">
    <keyboard-shortcut first-keystroke="meta d" />
    <keyboard-shortcut first-keystroke="alt d" />
  </action>
  <action id="SendEOF" />
  <action id="ShowBookmarks">
    <keyboard-shortcut first-keystroke="meta f3" />
    <keyboard-shortcut first-keystroke="shift meta k" />
  </action>
  <action id="ShowNavBar">
    <keyboard-shortcut first-keystroke="meta i" />
    <keyboard-shortcut first-keystroke="alt i" />
  </action>
  <action id="ShowSettings">
    <keyboard-shortcut first-keystroke="meta comma" />
    <keyboard-shortcut first-keystroke="alt comma" />
  </action>
  <action id="SplitHorizontally">
    <keyboard-shortcut first-keystroke="shift ctrl h" />
  </action>
  <action id="SplitVertically">
    <keyboard-shortcut first-keystroke="shift ctrl v" />
  </action>
  <action id="StepInto">
    <keyboard-shortcut first-keystroke="meta alt i" />
  </action>
  <action id="StepOver">
    <keyboard-shortcut first-keystroke="meta alt o" />
  </action>
  <action id="SurroundWith">
    <keyboard-shortcut first-keystroke="meta alt t" />
    <keyboard-shortcut first-keystroke="shift alt s" />
  </action>
  <action id="SwitchApply">
    <keyboard-shortcut first-keystroke="shift alt enter" />
  </action>
  <action id="SwitchDown">
    <keyboard-shortcut first-keystroke="shift alt down" />
  </action>
  <action id="SwitchLeft">
    <keyboard-shortcut first-keystroke="shift alt left" />
  </action>
  <action id="SwitchRight">
    <keyboard-shortcut first-keystroke="shift alt right" />
  </action>
  <action id="SwitchUp">
    <keyboard-shortcut first-keystroke="shift alt up" />
  </action>
  <action id="TagDocumentationNavigation" />
  <action id="Terminal.ClearBuffer">
    <keyboard-shortcut first-keystroke="meta l" />
  </action>
  <action id="ToggleBookmark">
    <keyboard-shortcut first-keystroke="f3" />
    <keyboard-shortcut first-keystroke="meta k" />
  </action>
  <action id="ToggleBookmarkWithMnemonic">
    <keyboard-shortcut first-keystroke="alt f3" />
    <keyboard-shortcut first-keystroke="meta alt k" />
  </action>
  <action id="ToggleFullScreen">
    <keyboard-shortcut first-keystroke="ctrl meta f" />
    <keyboard-shortcut first-keystroke="shift alt f" />
  </action>
  <action id="Uml.ShowDiff" />
  <action id="UnselectPreviousOccurrence" />
  <action id="Vcs.Push" />
  <action id="Vcs.QuickListPopupAction" />
  <action id="Vcs.UpdateProject" />
  <action id="ViewSource" />
  <action id="XPathView.Actions.Evaluate" />
  <action id="XPathView.Actions.FindByExpression" />
  <action id="com.github.setial.intellijjavadocs.action.JavaDocGenerateActionOnEditor" />
  <action id="com.github.setial.intellijjavadocs.action.JavaDocRemoveActionOnEditor" />
  <action id="hg4idea.QGotoFromPatches" />
  <action id="openAssertEqualsDiff" />
  <action id="osmedile.intellij.stringmanip.PopupChoiceAction">
    <keyboard-shortcut first-keystroke="shift alt m" />
  </action>
  <action id="tasks.close" />
  <action id="tasks.open.in.browser" />
</keymap>